<Widget>
    <Kind>2</Kind>
    <Name>show wireframe</Name>
    <Value>1</Value>
</Widget>
<Widget>
    <Kind>2</Kind>
    <Name>show gird</Name>
    <Value>1</Value>
</Widget>
<Widget>
    <Kind>2</Kind>
    <Name>flip H</Name>
    <Value>0</Value>
</Widget>
<Widget>
    <Kind>2</Kind>
    <Name>flip V</Name>
    <Value>1</Value>
</Widget>
<Widget>
    <Kind>8</Kind>
    <Name>CAMERA X</Name>
    <Value>500.000000000</Value>
</Widget>
<Widget>
    <Kind>8</Kind>
    <Name>CAMERA Y</Name>
    <Value>500.000000000</Value>
</Widget>
<Widget>
    <Kind>8</Kind>
    <Name>CAMERA Z</Name>
    <Value>-500.000000000</Value>
</Widget>
<Widget>
    <Kind>25</Kind>
    <Name>CAMERA H</Name>
    <Value>-35.264396667</Value>
</Widget>
<Widget>
    <Kind>25</Kind>
    <Name>CAMERA P</Name>
    <Value>0.000000000</Value>
</Widget>
<Widget>
    <Kind>25</Kind>
    <Name>CAMERA B</Name>
    <Value>0.000000000</Value>
</Widget>
<Widget>
    <Kind>25</Kind>
    <Name>CAMERA FOV</Name>
    <Value>45.000000000</Value>
</Widget>
